{
    "modelStart": "{\n",
    "importForEachCustomType": "",
    "reservedKeywords": [
                         "abstract",
                         "assert",
                         "boolean",
                         "break",
                         "byte",
                         "case",
                         "catch",
                         "char",
                         "class",
                         "const",
                         "continue",
                         "default",
                         "do",
                         "double",
                         "else",
                         "enum",
                         "extends",
                         "false",
                         "final",
                         "finally",
                         "float",
                         "for",
                         "goto",
                         "if",
                         "implements",
                         "import",
                         "instanceof",
                         "int",
                         "interface",
                         "long",
                         "native",
                         "new",
                         "null",
                         "package",
                         "private",
                         "protected",
                         "public",
                         "return",
                         "short",
                         "static",
                         "strictfp",
                         "super",
                         "switch",
                         "synchronized",
                         "this",
                         "throw",
                         "throws",
                         "transient",
                         "true",
                         "try",
                         "void",
                         "volatile",
                         "while",
                         "class",
                         "description"
                         ],
    "booleanGetter": "",
    "briefDescription": "Defines how your JSON objects can be mapped to Swift classes using the built-in NSJSONSerialization class",
    "utilityMethods": [
                       {
                       "forEachProperty": "\t\t<!VarName!> <- map[\"<!JsonKeyName!>\"]\n",
                       "bodyEnd": "\t}\n",
                       "signature": "\tfunc mapping(map: Map)",
                       "forEachCustomTypeProperty": "\t\t<!VarName!> <- map[\"<!JsonKeyName!>\"]\n",
                       "forEachArrayOfCustomTypeProperty": "\t\t<!VarName!> <- map[\"<!JsonKeyName!>\"]\n",
                       "returnStatement": "\t\t\n",
                       "body": "",
                       "comment": "",
                       "bodyStart": "\n\t{\n"
                       },
                       {
                       "forEachProperty": "         <!VarName!> = aDecoder.decodeObjectForKey(\"<!JsonKeyName!>\") as? <!VarType!>\n",
                       "bodyEnd": "\n\t}\n",
                       "signature": "    @objc required init(coder aDecoder: NSCoder)",
                       "forEachCustomTypeProperty": "         <!VarName!> = aDecoder.decodeObjectForKey(\"<!JsonKeyName!>\") as? <!VarType!>\n",
                       "forEachArrayOfCustomTypeProperty": "         <!VarName!> = aDecoder.decodeObjectForKey(\"<!JsonKeyName!>\") as? <!VarType!>\n",
                       "returnStatement": "",
                       "body": "",
                       "comment": "\n    /**\n    * NSCoding required initializer.\n    * Fills the data from the passed decoder\n    */\n",
                       "bodyStart": "\n\t{\n"
                       },
                       {
                       "forEachProperty": "\t\tif <!VarName!> != nil{\n\t\t\taCoder.encodeObject(<!VarName!>, forKey: \"<!JsonKeyName!>\")\n\t\t}\n",
                       "bodyEnd": "\n\t}\n",
                       "signature": "    @objc func encodeWithCoder(aCoder: NSCoder)",
                       "forEachCustomTypeProperty": "\t\tif <!VarName!> != nil{\n\t\t\taCoder.encodeObject(<!VarName!>, forKey: \"<!JsonKeyName!>\")\n\t\t}\n",
                       "forEachArrayOfCustomTypeProperty": "\t\tif <!VarName!> != nil{\n\t\t\taCoder.encodeObject(<!VarName!>, forKey: \"<!JsonKeyName!>\")\n\t\t}\n",
                       "returnStatement": "",
                       "body": "",
                       "comment": "\n    /**\n    * NSCoding required method.\n    * Encodes mode properties into the decoder\n    */\n",
                       "bodyStart": "\n\t{\n"
                       }
                       ],
    "dataTypes": {
        "stringType": "String",
        "boolType": "Bool",
        "floatType": "Float",
        "doubleType": "Double",
        "characterType": "Character",
        "longType": "Double",
        "intType": "Int"
    },
    "wordsToRemoveToGetArrayElementsType": [
                                            "[",
                                            "]"
                                            ],
    "defaultParentWithUtilityMethods": "NSObject, NSCoding, Mappable",
    "constructors": [
                     {
                     "fetchBasicTypeWithSpecialNeedsPropertyFromMap": "",
                     "bodyStart": "{\n\t\treturn <!ModelName!>()",
                     "bodyEnd": "\n\t}\n",
                     "fetchBasicTypePropertyFromMap": "",
                     "signature": "\tclass func newInstance(map: Map) -> Mappable?",
                     "fetchArrayOfCustomTypePropertyFromMap": "",
                     "comment": "",
                     "fetchCustomTypePropertyFromMap": ""
                     },
                     {
                     "fetchBasicTypeWithSpecialNeedsPropertyFromMap": "",
                     "bodyStart": "{",
                     "bodyEnd": "}\n",
                     "fetchBasicTypePropertyFromMap": "",
                     "signature": "\tprivate override init()",
                     "fetchArrayOfCustomTypePropertyFromMap": "",
                     "comment": "",
                     "fetchCustomTypePropertyFromMap": ""
                     }
                     ],
    "modelDefinition": "\nclass <!ModelName!>",
    "genericType": "AnyObject",
    "getter": "",
    "setter": "",
    "displayLangName": "Swift - Mappable",
    "fileExtension": "swift",
    "basicTypesWithSpecialFetchingNeeds": [
    ],
    "arrayType": "[<!ElementType!>]",
    "modelDefinitionWithParent": "\n\nclass <!ModelName!> : <!ParentClass!>",
    "instanceVarDefinition": "\tvar <!VarName!> : <!VarType!>?\n",
    "supportsFirstLineStatement": "false",
    "modelEnd": "\n}",
    "staticImports": "import Foundation",
    "langName": "Swift"
}